filename,label
test_00011.png,Class_3
test_00014.png,Class_3
test_00023.png,Class_3
test_00025.png,Class_4
test_00076.png,Class_0
test_00126.png,Class_0
test_00189.png,Class_0
test_00240.png,Class_3
test_00367.png,Class_0
test_00384.png,Class_4
test_00453.png,Class_1
test_00531.png,Class_2
test_00537.png,Class_0
test_00552.png,Class_3
test_00554.png,Class_0
test_00557.png,Class_3
test_00620.png,Class_1
test_00623.png,Class_2
test_00666.png,Class_0
test_00677.png,Class_0
test_00697.png,Class_2
test_00713.png,Class_1
test_00754.png,Class_2
test_00755.png,Class_0
test_00772.png,Class_0
test_00800.png,Class_0
test_00837.png,Class_0
test_00903.png,Class_0
test_00955.png,Class_2
test_01047.png,Class_1
test_01059.png,Class_4
test_01089.png,Class_0
test_01090.png,Class_0
test_01117.png,Class_1
test_01162.png,Class_4
test_01173.png,Class_2
test_01178.png,Class_0
test_01179.png,Class_0
test_01233.png,Class_2
test_01253.png,Class_0
test_01300.png,Class_2
test_01313.png,Class_0
test_01335.png,Class_2
test_01363.png,Class_4
test_01369.png,Class_1
test_01371.png,Class_0
test_01374.png,Class_4
test_01415.png,Class_3
test_01427.png,Class_4
test_01456.png,Class_0
test_01477.png,Class_2
test_01537.png,Class_0
test_01539.png,Class_0
test_01548.png,Class_0
test_01555.png,Class_0
test_01660.png,Class_0
test_01703.png,Class_2
test_01760.png,Class_0
test_01768.png,Class_0
test_01772.png,Class_0
test_01803.png,Class_0
test_01805.png,Class_2
test_01827.png,Class_0
test_01843.png,Class_2
test_01853.png,Class_4
test_01913.png,Class_0
test_01936.png,Class_0
test_01943.png,Class_0
test_01971.png,Class_0
test_01992.png,Class_0
test_01993.png,Class_1
test_02011.png,Class_0
test_02103.png,Class_3
test_02141.png,Class_4
test_02173.png,Class_0
test_02179.png,Class_3
test_02190.png,Class_0
test_02286.png,Class_0
test_02291.png,Class_0
test_02331.png,Class_4
test_02378.png,Class_0
test_02461.png,Class_3
test_02499.png,Class_3
test_02508.png,Class_4
test_02528.png,Class_0
test_02546.png,Class_2
test_02620.png,Class_0
test_02647.png,Class_4
test_02665.png,Class_0
test_02714.png,Class_0
test_02748.png,Class_0
test_02763.png,Class_0
test_02847.png,Class_0
test_02853.png,Class_4
test_02868.png,Class_2
test_02878.png,Class_0
test_02890.png,Class_4
test_02898.png,Class_3
test_02936.png,Class_0
test_02940.png,Class_3
test_02968.png,Class_4
test_02972.png,Class_0
test_02976.png,Class_0
test_02987.png,Class_0
test_02998.png,Class_4
test_03019.png,Class_3
test_03052.png,Class_0
test_03120.png,Class_0
test_03151.png,Class_0
test_03269.png,Class_0
test_03290.png,Class_0
test_03341.png,Class_0
test_03386.png,Class_3
test_03409.png,Class_1
test_03444.png,Class_4
test_03492.png,Class_0
test_03496.png,Class_2
test_03506.png,Class_4
test_03535.png,Class_0
test_03552.png,Class_0
test_03566.png,Class_4
test_03583.png,Class_0
test_03708.png,Class_3
test_03720.png,Class_0
test_03729.png,Class_0
test_03810.png,Class_4
test_03822.png,Class_0
test_03829.png,Class_3
test_03867.png,Class_4
test_03872.png,Class_0
test_03913.png,Class_1
test_03933.png,Class_0
test_03982.png,Class_0
test_04011.png,Class_3
test_04042.png,Class_0
test_04066.png,Class_3
test_04068.png,Class_3
test_04076.png,Class_4
test_04090.png,Class_2
test_04105.png,Class_4
test_04132.png,Class_2
test_04140.png,Class_0
test_04145.png,Class_4
test_04160.png,Class_2
test_04177.png,Class_3
test_04179.png,Class_4
test_04185.png,Class_0
test_04210.png,Class_0
test_04276.png,Class_2
test_04289.png,Class_0
test_04298.png,Class_4
test_04355.png,Class_1
test_04380.png,Class_4
test_04386.png,Class_0
test_04408.png,Class_2
test_04484.png,Class_4
test_04499.png,Class_0
test_04512.png,Class_0
test_04580.png,Class_1
test_04615.png,Class_0
test_04637.png,Class_3
test_04648.png,Class_0
test_04667.png,Class_2
test_04739.png,Class_1
test_04768.png,Class_0
test_04802.png,Class_0
test_04807.png,Class_4
test_04892.png,Class_0
test_05000.png,Class_0
test_05053.png,Class_3
test_05058.png,Class_0
test_05077.png,Class_2
test_05090.png,Class_0
test_05095.png,Class_4
test_05100.png,Class_4
test_05112.png,Class_2
test_05118.png,Class_4
test_05159.png,Class_0
test_05161.png,Class_3
test_05225.png,Class_0
test_05268.png,Class_0
test_05270.png,Class_0
test_05274.png,Class_0
test_05312.png,Class_4
test_05388.png,Class_2
test_05422.png,Class_0
test_05447.png,Class_0
test_05520.png,Class_0
test_05538.png,Class_0
test_05582.png,Class_3
test_05591.png,Class_3
test_05607.png,Class_4
test_05688.png,Class_0
test_05731.png,Class_4
test_05745.png,Class_0
test_05773.png,Class_0
test_05782.png,Class_2
test_05805.png,Class_0
test_05907.png,Class_0
test_05908.png,Class_0
test_05914.png,Class_4
test_05953.png,Class_4
test_05967.png,Class_0
test_05974.png,Class_0
test_06003.png,Class_1
test_06009.png,Class_4
test_06023.png,Class_0
test_06133.png,Class_4
test_06282.png,Class_1
test_06318.png,Class_2
test_06320.png,Class_1
test_06332.png,Class_4
test_06357.png,Class_0
test_06410.png,Class_3
test_06424.png,Class_3
test_06426.png,Class_2
test_06430.png,Class_3
test_06432.png,Class_2
test_06458.png,Class_0
test_06490.png,Class_0
test_06492.png,Class_0
test_06525.png,Class_0
test_06544.png,Class_3
test_06571.png,Class_3
test_06601.png,Class_2
test_06635.png,Class_0
test_06663.png,Class_0
test_06699.png,Class_0
test_06779.png,Class_3
test_06810.png,Class_0
test_06850.png,Class_0
test_06903.png,Class_2
test_06913.png,Class_4
test_06927.png,Class_4
test_07034.png,Class_0
test_07043.png,Class_3
test_07100.png,Class_0
test_07127.png,Class_0
test_07270.png,Class_3
test_07273.png,Class_0
test_07322.png,Class_3
test_07336.png,Class_0
test_07352.png,Class_2
test_07374.png,Class_0
test_07395.png,Class_0
test_07414.png,Class_2
test_07420.png,Class_3
test_07484.png,Class_0
test_07508.png,Class_2
test_07514.png,Class_0
test_07519.png,Class_0
test_07524.png,Class_4
test_07566.png,Class_2
test_07573.png,Class_1
test_07661.png,Class_0
test_07662.png,Class_0
test_07682.png,Class_3
test_07696.png,Class_0
test_07709.png,Class_3
test_07728.png,Class_2
test_07736.png,Class_4
test_07760.png,Class_4
test_07780.png,Class_0
test_07782.png,Class_0
test_07823.png,Class_0
test_07830.png,Class_0
test_07845.png,Class_0
test_07889.png,Class_2
test_07895.png,Class_1
test_07956.png,Class_1
test_07990.png,Class_3
test_08001.png,Class_4
test_08037.png,Class_0
test_08095.png,Class_2
test_08122.png,Class_0
test_08129.png,Class_2
test_08152.png,Class_0
test_08181.png,Class_2
test_08222.png,Class_0
test_08228.png,Class_4
test_08261.png,Class_0
test_08262.png,Class_2
test_08317.png,Class_4
test_08323.png,Class_3
test_08337.png,Class_3
test_08368.png,Class_4
test_08381.png,Class_0
test_08505.png,Class_0
test_08519.png,Class_3
test_08571.png,Class_0
test_08604.png,Class_4
test_08606.png,Class_1
test_08609.png,Class_0
test_08617.png,Class_0
test_08631.png,Class_0
test_08670.png,Class_2
test_08699.png,Class_2
test_08709.png,Class_0
test_08722.png,Class_3
test_08760.png,Class_3
test_08765.png,Class_2
test_08816.png,Class_2
test_08893.png,Class_0
test_08923.png,Class_2
test_08945.png,Class_0
test_08964.png,Class_0
test_09030.png,Class_0
test_09041.png,Class_1
test_09071.png,Class_4
test_09101.png,Class_2
test_09118.png,Class_0
test_09205.png,Class_0
test_09318.png,Class_0
test_09335.png,Class_0
test_09383.png,Class_1
test_09416.png,Class_0
test_09441.png,Class_3
test_09479.png,Class_4
test_09497.png,Class_2
test_09528.png,Class_0
test_09547.png,Class_3
test_09596.png,Class_3
test_09642.png,Class_3
test_09650.png,Class_2
test_09693.png,Class_0
test_09725.png,Class_0
test_09731.png,Class_0
test_09778.png,Class_0
test_09798.png,Class_4
test_09850.png,Class_3
test_09870.png,Class_2
test_09941.png,Class_3
test_09947.png,Class_0
test_09957.png,Class_1
test_10025.png,Class_0
test_10113.png,Class_2
test_10154.png,Class_3
test_10264.png,Class_1
test_10277.png,Class_4
test_10300.png,Class_0
test_10334.png,Class_0
test_10358.png,Class_4
test_10386.png,Class_1
test_10437.png,Class_2
test_10484.png,Class_4
test_10492.png,Class_0
test_10538.png,Class_0
test_10549.png,Class_3
test_10644.png,Class_0
test_10655.png,Class_2
test_10661.png,Class_3
test_10668.png,Class_2
test_10684.png,Class_0
test_10725.png,Class_4
test_10736.png,Class_3
test_10744.png,Class_0
test_10761.png,Class_4
test_10765.png,Class_0
test_10774.png,Class_2
test_10784.png,Class_3
test_10876.png,Class_2
test_10917.png,Class_0
test_10984.png,Class_0
test_11026.png,Class_3
test_11046.png,Class_4
test_11065.png,Class_2
test_11103.png,Class_0
test_11117.png,Class_2
test_11214.png,Class_1
test_11230.png,Class_2
test_11250.png,Class_0
test_11266.png,Class_4
test_11294.png,Class_0
test_11352.png,Class_0
test_11364.png,Class_0
test_11365.png,Class_3
test_11379.png,Class_0
test_11435.png,Class_0
test_11472.png,Class_0
test_11482.png,Class_0
test_11522.png,Class_0
test_11530.png,Class_2
test_11611.png,Class_1
test_11625.png,Class_0
test_11680.png,Class_1
test_11695.png,Class_0
test_11732.png,Class_4
test_11733.png,Class_0
test_11760.png,Class_0
test_11788.png,Class_0
test_11858.png,Class_0
test_11897.png,Class_2
test_11924.png,Class_0
test_12005.png,Class_3
test_12040.png,Class_4
test_12041.png,Class_2
test_12098.png,Class_3
test_12106.png,Class_0
test_12110.png,Class_0
test_12121.png,Class_4
test_12126.png,Class_4
test_12150.png,Class_4
test_12153.png,Class_2
test_12192.png,Class_1
test_12364.png,Class_0
test_12389.png,Class_0
test_12432.png,Class_3
test_12499.png,Class_2
test_12504.png,Class_0
test_12548.png,Class_0
test_12572.png,Class_2
test_12589.png,Class_2
test_12602.png,Class_2
test_12604.png,Class_4
test_12614.png,Class_2
test_12689.png,Class_3
test_12791.png,Class_0
test_12804.png,Class_0
test_12820.png,Class_2
test_12903.png,Class_0
test_12927.png,Class_0
test_12953.png,Class_1
test_12972.png,Class_2
test_13104.png,Class_4
test_13114.png,Class_0
test_13161.png,Class_0
test_13171.png,Class_0
test_13233.png,Class_0
test_13241.png,Class_0
test_13257.png,Class_3
test_13290.png,Class_4
test_13309.png,Class_0
test_13371.png,Class_0
test_13450.png,Class_4
test_13451.png,Class_0
test_13487.png,Class_1
test_13497.png,Class_3
test_13521.png,Class_4
test_13570.png,Class_2
test_13577.png,Class_0
test_13683.png,Class_0
test_13707.png,Class_0
test_13775.png,Class_0
test_13816.png,Class_0
test_13845.png,Class_0
test_13856.png,Class_0
test_13877.png,Class_2
test_13884.png,Class_0
test_13901.png,Class_0
test_13961.png,Class_0
test_13984.png,Class_2
test_14014.png,Class_2
test_14048.png,Class_0
test_14058.png,Class_2
test_14084.png,Class_0
test_14119.png,Class_0
test_14121.png,Class_3
test_14137.png,Class_4
test_14149.png,Class_0
test_14167.png,Class_0
test_14178.png,Class_2
test_14180.png,Class_3
test_14416.png,Class_3
test_14488.png,Class_0
test_14560.png,Class_2
test_14592.png,Class_2
test_14596.png,Class_0
test_14602.png,Class_1
test_14635.png,Class_1
test_14678.png,Class_3
test_14693.png,Class_0
test_14715.png,Class_2
test_14741.png,Class_4
test_14817.png,Class_0
test_14840.png,Class_2
test_14897.png,Class_4
test_14900.png,Class_3
test_14944.png,Class_0
test_14979.png,Class_0
test_15070.png,Class_0
test_15116.png,Class_2
test_15236.png,Class_0
test_15239.png,Class_0
test_15255.png,Class_1
test_15359.png,Class_0
test_15362.png,Class_4
test_15363.png,Class_1
test_15368.png,Class_0
test_15381.png,Class_2
test_15393.png,Class_0
test_15409.png,Class_4
test_15449.png,Class_0
test_15475.png,Class_0
test_15491.png,Class_2
test_15495.png,Class_2
test_15520.png,Class_0
test_15555.png,Class_0
test_15558.png,Class_2
test_15628.png,Class_2
test_15659.png,Class_3
test_15679.png,Class_0
test_15681.png,Class_4
test_15725.png,Class_0
test_15733.png,Class_2
test_15737.png,Class_0
test_15744.png,Class_0
test_15789.png,Class_0
test_15808.png,Class_0
test_15851.png,Class_0
test_15856.png,Class_0
test_15872.png,Class_0
test_15884.png,Class_2
test_15897.png,Class_2
test_15900.png,Class_0
test_15986.png,Class_0
test_16037.png,Class_0
test_16042.png,Class_0
test_16050.png,Class_4
test_16114.png,Class_0
test_16140.png,Class_3
test_16219.png,Class_0
test_16262.png,Class_0
test_16283.png,Class_3
test_16295.png,Class_3
test_16340.png,Class_3
test_16370.png,Class_0
test_16389.png,Class_2
test_16422.png,Class_0
test_16452.png,Class_3
test_16542.png,Class_1
test_16575.png,Class_0
test_16585.png,Class_1
test_16607.png,Class_4
test_16676.png,Class_2
test_16697.png,Class_0
test_16774.png,Class_2
test_16861.png,Class_2
test_16871.png,Class_3
test_16936.png,Class_3
test_16956.png,Class_0
test_16981.png,Class_3
test_16984.png,Class_0
test_16985.png,Class_0
test_17028.png,Class_0
test_17049.png,Class_2
test_17086.png,Class_3
test_17110.png,Class_4
test_17122.png,Class_3
test_17144.png,Class_0
test_17146.png,Class_0
test_17189.png,Class_2
test_17226.png,Class_0
test_17235.png,Class_0
test_17253.png,Class_0
test_17294.png,Class_2
test_17377.png,Class_4
test_17381.png,Class_0
test_17394.png,Class_0
test_17451.png,Class_0
test_17467.png,Class_0
test_17498.png,Class_0
test_17509.png,Class_4
test_17525.png,Class_3
test_17577.png,Class_0
test_17583.png,Class_0
test_17614.png,Class_2
test_17652.png,Class_2
test_17688.png,Class_0
test_17729.png,Class_0
test_17780.png,Class_2
test_17846.png,Class_2
test_17850.png,Class_3
test_17931.png,Class_4
test_17940.png,Class_4
test_17944.png,Class_0
test_17946.png,Class_2
test_17950.png,Class_0
test_17964.png,Class_3
test_17972.png,Class_4
test_18007.png,Class_0
test_18035.png,Class_2
test_18089.png,Class_0
test_18138.png,Class_1
test_18164.png,Class_2
test_18177.png,Class_0
test_18188.png,Class_2
test_18202.png,Class_0
test_18244.png,Class_2
test_18288.png,Class_3
test_18355.png,Class_2
test_18361.png,Class_0
test_18377.png,Class_0
test_18394.png,Class_0
test_18464.png,Class_2
test_18493.png,Class_4
test_18510.png,Class_4
test_18542.png,Class_1
test_18551.png,Class_2
test_18581.png,Class_3
test_18609.png,Class_1
test_18663.png,Class_3
test_18684.png,Class_4
test_18695.png,Class_2
test_18700.png,Class_3
test_18702.png,Class_0
test_18738.png,Class_3
test_18773.png,Class_0
test_18864.png,Class_0
test_18873.png,Class_0
test_18901.png,Class_3
test_18910.png,Class_0
test_18925.png,Class_3
test_18936.png,Class_0
test_18994.png,Class_0
test_19102.png,Class_3
test_19135.png,Class_0
test_19210.png,Class_2
test_19296.png,Class_0
test_19325.png,Class_0
test_19362.png,Class_4
test_19525.png,Class_0
test_19533.png,Class_4
test_19536.png,Class_2
test_19560.png,Class_4
test_19579.png,Class_2
test_19588.png,Class_0
test_19604.png,Class_0
test_19633.png,Class_4
test_19675.png,Class_3
test_19679.png,Class_1
test_19712.png,Class_2
test_19718.png,Class_1
test_19723.png,Class_0
test_19770.png,Class_1
test_19787.png,Class_0
test_19794.png,Class_3
test_19936.png,Class_1
test_19955.png,Class_0
test_19961.png,Class_2
test_19997.png,Class_0
test_20039.png,Class_0
test_20041.png,Class_0
test_20082.png,Class_0
test_20135.png,Class_1
test_20177.png,Class_4
test_20215.png,Class_2
test_20248.png,Class_0
test_20263.png,Class_0
test_20273.png,Class_3
test_20284.png,Class_0
test_20288.png,Class_0
test_20293.png,Class_0
test_20299.png,Class_0
test_20314.png,Class_3
test_20337.png,Class_2
test_20354.png,Class_0
test_20368.png,Class_3
test_20373.png,Class_1
test_20429.png,Class_2
test_20443.png,Class_0
test_20446.png,Class_0
test_20453.png,Class_4
test_20511.png,Class_2
test_20527.png,Class_4
test_20561.png,Class_0
test_20567.png,Class_0
test_20569.png,Class_2
test_20614.png,Class_0
test_20618.png,Class_0
test_20629.png,Class_0
test_20654.png,Class_2
test_20710.png,Class_0
test_20718.png,Class_2
test_20739.png,Class_0
test_20793.png,Class_4
test_20894.png,Class_2
test_20925.png,Class_0
test_20940.png,Class_0
test_20956.png,Class_0
test_20959.png,Class_3
test_20971.png,Class_4
test_21004.png,Class_4
test_21083.png,Class_0
test_21101.png,Class_0
test_21188.png,Class_0
test_21246.png,Class_3
test_21282.png,Class_0
test_21321.png,Class_0
test_21339.png,Class_0
test_21342.png,Class_0
test_21428.png,Class_0
test_21439.png,Class_0
test_21444.png,Class_0
test_21446.png,Class_0
test_21600.png,Class_3
test_21619.png,Class_4
test_21628.png,Class_3
test_21652.png,Class_0
test_21664.png,Class_2
test_21761.png,Class_0
test_21842.png,Class_2
test_21914.png,Class_3
test_21994.png,Class_0
test_22014.png,Class_0
test_22026.png,Class_4
test_22036.png,Class_0
test_22037.png,Class_3
test_22086.png,Class_0
test_22161.png,Class_0
test_22184.png,Class_4
test_22207.png,Class_3
test_22221.png,Class_4
test_22314.png,Class_0
test_22372.png,Class_0
test_22433.png,Class_4
test_22481.png,Class_0
test_22509.png,Class_0
test_22518.png,Class_2
test_22524.png,Class_0
test_22604.png,Class_0
test_22646.png,Class_0
test_22663.png,Class_1
test_22730.png,Class_4
test_22777.png,Class_0
test_22808.png,Class_0
test_22879.png,Class_0
test_22894.png,Class_0
test_22899.png,Class_4
test_22921.png,Class_0
test_23036.png,Class_0
test_23075.png,Class_1
test_23133.png,Class_2
test_23151.png,Class_1
test_23210.png,Class_3
test_23247.png,Class_0
test_23257.png,Class_0
test_23263.png,Class_0
test_23267.png,Class_0
test_23276.png,Class_2
test_23328.png,Class_0
test_23375.png,Class_0
test_23392.png,Class_0
test_23497.png,Class_1
test_23563.png,Class_1
test_23577.png,Class_0
test_23594.png,Class_0
test_23664.png,Class_2
test_23686.png,Class_4
test_23699.png,Class_0
test_23744.png,Class_3
test_23754.png,Class_4
test_23773.png,Class_3
test_23782.png,Class_4
test_23797.png,Class_0
test_23810.png,Class_0
test_23838.png,Class_3
test_23850.png,Class_0
test_23864.png,Class_3
test_23870.png,Class_0
test_23874.png,Class_0
test_23877.png,Class_3
test_23882.png,Class_0
test_23898.png,Class_0
test_23913.png,Class_0
test_23930.png,Class_3
test_23937.png,Class_0
test_23943.png,Class_2
test_23954.png,Class_0
test_23966.png,Class_3
test_24066.png,Class_0
test_24085.png,Class_0
test_24110.png,Class_0
test_24138.png,Class_0
test_24157.png,Class_0
test_24216.png,Class_3
test_24228.png,Class_4
test_24235.png,Class_0
test_24254.png,Class_0
test_24262.png,Class_1
test_24310.png,Class_0
test_24368.png,Class_4
test_24372.png,Class_1
test_24420.png,Class_2
test_24453.png,Class_0
test_24473.png,Class_0
test_24495.png,Class_2
test_24509.png,Class_3
test_24512.png,Class_2
test_24551.png,Class_0
test_24610.png,Class_2
test_24628.png,Class_3
test_24665.png,Class_2
test_24710.png,Class_0
test_24715.png,Class_3
test_24720.png,Class_3
test_24723.png,Class_0
test_24772.png,Class_0
test_24778.png,Class_0
test_24786.png,Class_0
test_24795.png,Class_0
test_24928.png,Class_4
test_24948.png,Class_0
test_24997.png,Class_0
test_25024.png,Class_4
test_25042.png,Class_3
test_25047.png,Class_0
test_25058.png,Class_0
test_25098.png,Class_0
test_25109.png,Class_0
test_25126.png,Class_0
test_25223.png,Class_0
test_25233.png,Class_0
test_25235.png,Class_3
test_25272.png,Class_0
test_25320.png,Class_3
test_25347.png,Class_3
test_25353.png,Class_2
test_25384.png,Class_4
test_25387.png,Class_0
test_25417.png,Class_3
test_25502.png,Class_2
test_25504.png,Class_4
test_25570.png,Class_0
test_25578.png,Class_3
test_25591.png,Class_0
test_25713.png,Class_0
test_25731.png,Class_3
test_25794.png,Class_0
test_25799.png,Class_4
test_25803.png,Class_0
test_25841.png,Class_2
test_25856.png,Class_3
test_25881.png,Class_0
test_25937.png,Class_0
test_25948.png,Class_0
test_26029.png,Class_3
test_26065.png,Class_2
test_26088.png,Class_1
test_26117.png,Class_4
test_26137.png,Class_0
test_26142.png,Class_0
test_26149.png,Class_2
test_26162.png,Class_0
test_26177.png,Class_0
test_26178.png,Class_0
test_26194.png,Class_0
test_26240.png,Class_0
test_26270.png,Class_2
test_26271.png,Class_0
test_26340.png,Class_1
test_26353.png,Class_0
test_26394.png,Class_3
test_26473.png,Class_0
test_26498.png,Class_0
test_26529.png,Class_0
test_26544.png,Class_0
test_26552.png,Class_1
test_26571.png,Class_0
test_26605.png,Class_0
test_26651.png,Class_0
test_26659.png,Class_1
test_26661.png,Class_0
test_26667.png,Class_0
test_26668.png,Class_0
test_26670.png,Class_0
test_26722.png,Class_0
test_26750.png,Class_0
test_26755.png,Class_0
test_26799.png,Class_0
test_26878.png,Class_0
test_26886.png,Class_4
test_26891.png,Class_3
test_26904.png,Class_0
test_26946.png,Class_0
test_26958.png,Class_0
test_27010.png,Class_0
test_27114.png,Class_0
test_27147.png,Class_0
test_27169.png,Class_0
test_27323.png,Class_0
test_27329.png,Class_3
test_27344.png,Class_0
test_27348.png,Class_3
test_27350.png,Class_0
test_27374.png,Class_2
test_27385.png,Class_0
test_27387.png,Class_1
test_27442.png,Class_2
test_27473.png,Class_0
test_27483.png,Class_0
test_27497.png,Class_0
test_27537.png,Class_0
test_27577.png,Class_0
test_27589.png,Class_4
test_27634.png,Class_2
test_27692.png,Class_3
test_27716.png,Class_1
test_27810.png,Class_0
test_27852.png,Class_4
test_27917.png,Class_0
test_27946.png,Class_4
test_27959.png,Class_2
test_28017.png,Class_3
test_28099.png,Class_3
test_28133.png,Class_3
test_28137.png,Class_0
test_28231.png,Class_0
test_28246.png,Class_3
test_28279.png,Class_4
test_28283.png,Class_0
test_28305.png,Class_3
test_28308.png,Class_4
test_28314.png,Class_3
test_28361.png,Class_2
test_28365.png,Class_0
test_28441.png,Class_2
test_28532.png,Class_2
test_28540.png,Class_3
test_28547.png,Class_0
test_28579.png,Class_0
test_28617.png,Class_2
test_28626.png,Class_0
test_28656.png,Class_2
test_28729.png,Class_0
test_28824.png,Class_1
test_28830.png,Class_2
test_28832.png,Class_3
test_28888.png,Class_0
test_28920.png,Class_0
test_28965.png,Class_2
test_29000.png,Class_0
test_29011.png,Class_4
test_29039.png,Class_3
test_29046.png,Class_2
test_29116.png,Class_3
test_29132.png,Class_1
test_29143.png,Class_0
test_29170.png,Class_0
test_29199.png,Class_0
test_29204.png,Class_0
test_29283.png,Class_0
test_29320.png,Class_0
test_29416.png,Class_2
test_29439.png,Class_0
test_29445.png,Class_2
test_29446.png,Class_2
test_29462.png,Class_0
test_29524.png,Class_0
test_29611.png,Class_4
test_29617.png,Class_0
test_29630.png,Class_3
test_29648.png,Class_0
test_29695.png,Class_0
test_29864.png,Class_3
test_29865.png,Class_4
test_29931.png,Class_0
test_29959.png,Class_0
test_29963.png,Class_0
test_29971.png,Class_0
test_30011.png,Class_0
test_30032.png,Class_0
test_30075.png,Class_0
test_30092.png,Class_2
test_30247.png,Class_3
test_30258.png,Class_2
test_30275.png,Class_0
test_30278.png,Class_0
test_30314.png,Class_4
test_30331.png,Class_0
test_30372.png,Class_1
test_30383.png,Class_0
test_30413.png,Class_0
test_30439.png,Class_2
test_30457.png,Class_4
test_30479.png,Class_2
test_30494.png,Class_4
test_30500.png,Class_0
test_30509.png,Class_2
test_30521.png,Class_0
test_30593.png,Class_2
test_30598.png,Class_2
test_30636.png,Class_0
test_30655.png,Class_0
test_30673.png,Class_0
test_30730.png,Class_2
test_30766.png,Class_1
test_30767.png,Class_0
test_30793.png,Class_0
test_30797.png,Class_3
test_30834.png,Class_0
test_30899.png,Class_2
test_30910.png,Class_0
test_30915.png,Class_0
test_30931.png,Class_2
test_30954.png,Class_1
test_30961.png,Class_0
test_31008.png,Class_2
test_31011.png,Class_0
test_31057.png,Class_2
test_31094.png,Class_0
test_31131.png,Class_3
test_31132.png,Class_0
test_31159.png,Class_0
test_31169.png,Class_4
test_31220.png,Class_3
test_31227.png,Class_2
test_31276.png,Class_4
test_31352.png,Class_4
test_31359.png,Class_2
test_31410.png,Class_0
test_31451.png,Class_3
test_31461.png,Class_0
test_31563.png,Class_3
test_31572.png,Class_0
test_31586.png,Class_2
test_31617.png,Class_0
test_31638.png,Class_2
test_31697.png,Class_0
test_31701.png,Class_0
test_31716.png,Class_0
test_31731.png,Class_0
test_31752.png,Class_0
test_31973.png,Class_3
test_31979.png,Class_1
test_31989.png,Class_0
test_32003.png,Class_3
test_32023.png,Class_4
test_32028.png,Class_4
test_32065.png,Class_0
test_32103.png,Class_2
test_32118.png,Class_4
test_32121.png,Class_3
test_32157.png,Class_0
test_32158.png,Class_3
test_32170.png,Class_2
test_32182.png,Class_0
test_32197.png,Class_1
test_32198.png,Class_0
test_32199.png,Class_0
test_32216.png,Class_2
test_32248.png,Class_0
test_32311.png,Class_0
test_32337.png,Class_2
test_32386.png,Class_0
test_32414.png,Class_0
test_32443.png,Class_1
test_32459.png,Class_2
test_32520.png,Class_2
test_32536.png,Class_0
test_32564.png,Class_3
test_32586.png,Class_2
test_32594.png,Class_0
test_32613.png,Class_2
test_32679.png,Class_2
test_32698.png,Class_0
test_32705.png,Class_0
test_32715.png,Class_0
test_32842.png,Class_0
test_32848.png,Class_4
test_32872.png,Class_2
test_32892.png,Class_2
test_32902.png,Class_0
test_32956.png,Class_0
test_32982.png,Class_0
test_33006.png,Class_0
test_33040.png,Class_0
test_33041.png,Class_3
test_33054.png,Class_3
test_33092.png,Class_0
test_33142.png,Class_0
test_33143.png,Class_0
test_33209.png,Class_2
test_33227.png,Class_3
test_33258.png,Class_3
test_33266.png,Class_4
test_33335.png,Class_0
test_33442.png,Class_3
test_33499.png,Class_0
test_33591.png,Class_2
test_33642.png,Class_2
test_33659.png,Class_4
test_33680.png,Class_0
test_33701.png,Class_0
test_33710.png,Class_0
test_33740.png,Class_0
test_33741.png,Class_2
test_33820.png,Class_2
test_33833.png,Class_2
test_33842.png,Class_2
test_33865.png,Class_0
test_33876.png,Class_4
test_33878.png,Class_4
test_33894.png,Class_3
test_33896.png,Class_4
test_33902.png,Class_0
test_33933.png,Class_0
test_33941.png,Class_2
test_33993.png,Class_3
test_34031.png,Class_2
test_34071.png,Class_3
test_34073.png,Class_0
test_34098.png,Class_3
test_34132.png,Class_0
test_34141.png,Class_2
test_34142.png,Class_2
test_34157.png,Class_2
test_34160.png,Class_0
test_34181.png,Class_3
test_34275.png,Class_4
test_34289.png,Class_0
test_34314.png,Class_0
test_34376.png,Class_0
test_34380.png,Class_0
test_34389.png,Class_0
test_34393.png,Class_3
test_34401.png,Class_4
test_34483.png,Class_3
test_34506.png,Class_0
test_34570.png,Class_2
test_34586.png,Class_0
test_34608.png,Class_2
test_34636.png,Class_4
test_34639.png,Class_0
test_34650.png,Class_4
test_34651.png,Class_4
test_34760.png,Class_2
test_34849.png,Class_0
test_34874.png,Class_0
test_34952.png,Class_0
test_34967.png,Class_2
test_35007.png,Class_0
test_35055.png,Class_0
test_35086.png,Class_0
test_35118.png,Class_0
test_35245.png,Class_4
test_35250.png,Class_0
test_35251.png,Class_0
test_35280.png,Class_1
test_35303.png,Class_4
test_35326.png,Class_0
test_35360.png,Class_2
test_35396.png,Class_0
test_35400.png,Class_2
test_35459.png,Class_0
test_35489.png,Class_4
test_35509.png,Class_1
test_35516.png,Class_2
test_35522.png,Class_2
test_35528.png,Class_4
test_35542.png,Class_0
test_35625.png,Class_0
test_35633.png,Class_2
test_35639.png,Class_0
test_35644.png,Class_0
test_35655.png,Class_0
test_35722.png,Class_0
test_35767.png,Class_1
test_35798.png,Class_3
test_35842.png,Class_2
test_35866.png,Class_0
test_35910.png,Class_0
test_35948.png,Class_3
test_35992.png,Class_0
test_35994.png,Class_4
test_36039.png,Class_2
test_36139.png,Class_2
test_36153.png,Class_0
test_36185.png,Class_1
test_36204.png,Class_3
test_36205.png,Class_2
test_36244.png,Class_2
test_36264.png,Class_0
test_36337.png,Class_0
test_36383.png,Class_0
test_36386.png,Class_3
test_36422.png,Class_2
test_36427.png,Class_0
test_36484.png,Class_0
test_36519.png,Class_0
test_36545.png,Class_0
test_36555.png,Class_3
test_36579.png,Class_0
test_36597.png,Class_4
test_36602.png,Class_0
test_36623.png,Class_3
test_36645.png,Class_0
test_36667.png,Class_2
test_36739.png,Class_0
test_36773.png,Class_0
test_36836.png,Class_2
test_36855.png,Class_0
test_36938.png,Class_3
test_36963.png,Class_4
test_36982.png,Class_2
test_36999.png,Class_3
test_37004.png,Class_0
test_37056.png,Class_3
test_37079.png,Class_2
test_37105.png,Class_0
test_37116.png,Class_2
test_37122.png,Class_0
test_37134.png,Class_0
test_37144.png,Class_0
test_37182.png,Class_2
test_37233.png,Class_0
test_37235.png,Class_2
test_37266.png,Class_0
test_37267.png,Class_1
test_37326.png,Class_4
test_37340.png,Class_0
test_37433.png,Class_0
test_37453.png,Class_2
test_37469.png,Class_0
test_37519.png,Class_0
test_37526.png,Class_2
test_37543.png,Class_3
test_37549.png,Class_3
test_37592.png,Class_4
test_37597.png,Class_0
test_37607.png,Class_2
test_37645.png,Class_2
test_37670.png,Class_0
test_37706.png,Class_3
test_37709.png,Class_2
test_37718.png,Class_3
test_37719.png,Class_0
test_37758.png,Class_0
test_37772.png,Class_3
test_37852.png,Class_2
test_37856.png,Class_0
test_37862.png,Class_2
test_37951.png,Class_4
test_38025.png,Class_0
test_38061.png,Class_0
test_38074.png,Class_2
test_38077.png,Class_3
test_38098.png,Class_4
test_38110.png,Class_0
test_38144.png,Class_0
test_38188.png,Class_0
test_38202.png,Class_0
test_38245.png,Class_4
test_38249.png,Class_0
test_38253.png,Class_2
test_38327.png,Class_4
test_38347.png,Class_2
test_38363.png,Class_0
test_38405.png,Class_3
test_38430.png,Class_0
test_38437.png,Class_0
test_38441.png,Class_0
test_38451.png,Class_4
test_38460.png,Class_0
test_38524.png,Class_0
test_38576.png,Class_3
test_38629.png,Class_0
test_38635.png,Class_0
test_38666.png,Class_2
test_38693.png,Class_0
test_38718.png,Class_2
test_38731.png,Class_0
test_38733.png,Class_4
test_38788.png,Class_3
test_38838.png,Class_0
test_38878.png,Class_0
test_38909.png,Class_1
test_38942.png,Class_2
test_38959.png,Class_4
test_38964.png,Class_2
test_39026.png,Class_0
test_39029.png,Class_2
test_39153.png,Class_0
test_39154.png,Class_1
test_39159.png,Class_0
test_39170.png,Class_0
test_39276.png,Class_0
test_39332.png,Class_0
test_39347.png,Class_2
test_39422.png,Class_1
test_39459.png,Class_4
test_39489.png,Class_2
test_39499.png,Class_2
test_39585.png,Class_2
test_39626.png,Class_0
test_39636.png,Class_1
test_39653.png,Class_3
test_39690.png,Class_2
test_39785.png,Class_0
test_39796.png,Class_0
test_39806.png,Class_2
test_39811.png,Class_2
test_39860.png,Class_0
test_39954.png,Class_2
test_39992.png,Class_0
test_39996.png,Class_0
test_40046.png,Class_3
test_40053.png,Class_3
test_40060.png,Class_4
test_40068.png,Class_2
test_40078.png,Class_0
test_40089.png,Class_4
test_40148.png,Class_0
test_40150.png,Class_0
test_40186.png,Class_4
test_40199.png,Class_3
test_40250.png,Class_3
test_40255.png,Class_0
test_40259.png,Class_0
test_40398.png,Class_0
test_40434.png,Class_4
test_40463.png,Class_1
test_40472.png,Class_0
test_40491.png,Class_4
test_40534.png,Class_0
test_40541.png,Class_0
test_40642.png,Class_2
test_40682.png,Class_0
test_40722.png,Class_4
test_40761.png,Class_2
test_40792.png,Class_4
test_40915.png,Class_2
test_40919.png,Class_0
test_40986.png,Class_1
test_41070.png,Class_3
test_41189.png,Class_2
test_41201.png,Class_4
test_41203.png,Class_3
test_41240.png,Class_0
test_41246.png,Class_3
test_41259.png,Class_0
test_41276.png,Class_2
test_41298.png,Class_2
test_41328.png,Class_3
test_41330.png,Class_0
test_41369.png,Class_0
test_41404.png,Class_0
test_41418.png,Class_2
test_41446.png,Class_4
test_41474.png,Class_2
test_41509.png,Class_0
test_41552.png,Class_0
test_41607.png,Class_3
test_41671.png,Class_1
test_41710.png,Class_0
test_41746.png,Class_2
test_41792.png,Class_0
test_41793.png,Class_0
test_41796.png,Class_0
test_41830.png,Class_0
test_41841.png,Class_0
test_41940.png,Class_0
test_41992.png,Class_2
test_42021.png,Class_1
test_42022.png,Class_0
test_42055.png,Class_0
test_42155.png,Class_2
test_42162.png,Class_2
test_42170.png,Class_3
test_42176.png,Class_0
test_42245.png,Class_4
test_42269.png,Class_0
test_42310.png,Class_4
test_42311.png,Class_2
test_42353.png,Class_3
test_42371.png,Class_1
test_42378.png,Class_0
test_42413.png,Class_0
test_42490.png,Class_2
test_42521.png,Class_2
test_42526.png,Class_0
test_42536.png,Class_0
test_42547.png,Class_2
test_42576.png,Class_2
test_42600.png,Class_0
test_42603.png,Class_2
test_42683.png,Class_1
test_42718.png,Class_3
test_42729.png,Class_4
test_42815.png,Class_0
test_42825.png,Class_4
test_42855.png,Class_3
test_42858.png,Class_2
test_42891.png,Class_3
test_42896.png,Class_2
test_42937.png,Class_3
test_42954.png,Class_3
test_43028.png,Class_1
test_43042.png,Class_0
test_43103.png,Class_0
test_43135.png,Class_4
test_43273.png,Class_3
test_43274.png,Class_3
test_43299.png,Class_3
test_43313.png,Class_4
test_43360.png,Class_4
test_43381.png,Class_4
test_43397.png,Class_2
test_43463.png,Class_0
test_43501.png,Class_2
test_43510.png,Class_0
test_43586.png,Class_3
test_43605.png,Class_3
test_43649.png,Class_0
test_43651.png,Class_0
test_43660.png,Class_4
test_43667.png,Class_0
test_43677.png,Class_4
test_43702.png,Class_0
test_43746.png,Class_0
test_43750.png,Class_0
test_43778.png,Class_2
test_43780.png,Class_0
test_43815.png,Class_3
test_43865.png,Class_4
test_43872.png,Class_0
test_43873.png,Class_3
test_43938.png,Class_4
test_43943.png,Class_3
test_43951.png,Class_0
test_43961.png,Class_3
test_43980.png,Class_0
test_44002.png,Class_2
test_44058.png,Class_4
test_44084.png,Class_3
test_44110.png,Class_2
test_44133.png,Class_3
test_44180.png,Class_0
test_44183.png,Class_0
test_44187.png,Class_3
test_44241.png,Class_0
test_44243.png,Class_0
test_44343.png,Class_3
test_44401.png,Class_0
test_44430.png,Class_0
test_44454.png,Class_4
test_44538.png,Class_0
test_44559.png,Class_2
test_44574.png,Class_3
test_44578.png,Class_1
test_44678.png,Class_0
test_44679.png,Class_3
test_44724.png,Class_4
test_44738.png,Class_0
test_44745.png,Class_0
test_44753.png,Class_2
test_44845.png,Class_4
test_44854.png,Class_3
test_44978.png,Class_0
test_45011.png,Class_0
test_45198.png,Class_4
test_45200.png,Class_1
test_45237.png,Class_0
test_45251.png,Class_3
test_45257.png,Class_3
test_45340.png,Class_0
test_45423.png,Class_0
test_45470.png,Class_1
test_45482.png,Class_3
test_45509.png,Class_0
test_45579.png,Class_0
test_45613.png,Class_2
test_45629.png,Class_3
test_45640.png,Class_0
test_45648.png,Class_0
test_45667.png,Class_0
test_45669.png,Class_3
test_45681.png,Class_0
test_45733.png,Class_1
test_45808.png,Class_0
test_45854.png,Class_0
test_45896.png,Class_4
test_45913.png,Class_0
test_45923.png,Class_0
test_45946.png,Class_1
test_46023.png,Class_0
test_46031.png,Class_2
test_46076.png,Class_4
test_46102.png,Class_0
test_46146.png,Class_0
test_46203.png,Class_2
test_46219.png,Class_2
test_46245.png,Class_4
test_46345.png,Class_3
test_46376.png,Class_4
test_46412.png,Class_4
test_46479.png,Class_0
test_46512.png,Class_0
test_46515.png,Class_2
test_46533.png,Class_4
test_46564.png,Class_0
test_46619.png,Class_0
test_46622.png,Class_2
test_46632.png,Class_2
test_46634.png,Class_0
test_46637.png,Class_1
test_46665.png,Class_2
test_46687.png,Class_3
test_46711.png,Class_0
test_46830.png,Class_4
test_46841.png,Class_3
test_46842.png,Class_0
test_46844.png,Class_0
test_46845.png,Class_2
test_46860.png,Class_4
test_46961.png,Class_0
test_47011.png,Class_1
test_47016.png,Class_2
test_47028.png,Class_0
test_47079.png,Class_2
test_47084.png,Class_0
test_47095.png,Class_0
test_47100.png,Class_0
test_47157.png,Class_0
test_47186.png,Class_1
test_47204.png,Class_0
test_47229.png,Class_0
test_47270.png,Class_3
test_47318.png,Class_2
test_47368.png,Class_0
test_47419.png,Class_0
test_47421.png,Class_3
test_47525.png,Class_0
test_47530.png,Class_2
test_47557.png,Class_4
test_47589.png,Class_0
test_47617.png,Class_0
test_47625.png,Class_2
test_47626.png,Class_3
test_47713.png,Class_2
test_47749.png,Class_0
test_47797.png,Class_2
test_47815.png,Class_2
test_47834.png,Class_0
test_47857.png,Class_1
test_47938.png,Class_1
test_47941.png,Class_0
test_47946.png,Class_4
test_47979.png,Class_3
test_47997.png,Class_2
test_47999.png,Class_1
test_48006.png,Class_4
test_48061.png,Class_2
test_48105.png,Class_2
test_48119.png,Class_0
test_48123.png,Class_3
test_48179.png,Class_1
test_48251.png,Class_0
test_48284.png,Class_2
test_48299.png,Class_3
test_48391.png,Class_4
test_48404.png,Class_0
test_48456.png,Class_0
test_48645.png,Class_2
test_48702.png,Class_3
test_48860.png,Class_0
test_48871.png,Class_0
test_48877.png,Class_0
test_48893.png,Class_0
test_48929.png,Class_1
test_48980.png,Class_0
test_48995.png,Class_4
test_49027.png,Class_0
test_49031.png,Class_0
test_49041.png,Class_0
test_49044.png,Class_0
test_49062.png,Class_1
test_49097.png,Class_0
test_49118.png,Class_0
test_49206.png,Class_3
test_49235.png,Class_0
test_49252.png,Class_3
test_49256.png,Class_4
test_49326.png,Class_0
test_49338.png,Class_2
test_49364.png,Class_0
test_49390.png,Class_3
test_49394.png,Class_4
test_49412.png,Class_0
test_49426.png,Class_0
test_49481.png,Class_1
test_49515.png,Class_1
test_49541.png,Class_2
test_49543.png,Class_0
test_49589.png,Class_4
test_49629.png,Class_0
test_49654.png,Class_0
test_49661.png,Class_1
test_49758.png,Class_0
test_49767.png,Class_1
test_49789.png,Class_0
test_49817.png,Class_1
test_49827.png,Class_2
test_49868.png,Class_0
test_49869.png,Class_2
test_49876.png,Class_0
test_49941.png,Class_1
test_49951.png,Class_4
test_49970.png,Class_4
test_50008.png,Class_0
test_50009.png,Class_0
test_50024.png,Class_4
test_50041.png,Class_0
test_50055.png,Class_4
test_50086.png,Class_0
test_50096.png,Class_0
test_50100.png,Class_2
test_50101.png,Class_2
test_50129.png,Class_3
test_50136.png,Class_0
test_50138.png,Class_2
test_50150.png,Class_4
test_50192.png,Class_0
test_50220.png,Class_3
test_50225.png,Class_0
test_50236.png,Class_0
test_50271.png,Class_4
test_50283.png,Class_0
test_50358.png,Class_3
test_50382.png,Class_4
test_50414.png,Class_2
test_50436.png,Class_0
test_50453.png,Class_1
test_50465.png,Class_2
test_50498.png,Class_2
test_50503.png,Class_3
test_50515.png,Class_3
test_50530.png,Class_0
test_50673.png,Class_0
test_50676.png,Class_0
test_50682.png,Class_0
test_50737.png,Class_0
test_50791.png,Class_3
test_50854.png,Class_3
test_50858.png,Class_4
test_50862.png,Class_0
test_50884.png,Class_3
test_50908.png,Class_1
test_50918.png,Class_3
test_50932.png,Class_0
test_50933.png,Class_0
test_50935.png,Class_0
test_50939.png,Class_0
test_50955.png,Class_1
test_50989.png,Class_1
test_51101.png,Class_4
test_51174.png,Class_3
test_51177.png,Class_2
test_51200.png,Class_0
test_51210.png,Class_0
test_51223.png,Class_0
test_51238.png,Class_0
test_51245.png,Class_0
test_51261.png,Class_0
test_51272.png,Class_1
test_51362.png,Class_1
test_51409.png,Class_0
test_51417.png,Class_3
test_51462.png,Class_0
test_51469.png,Class_0
test_51475.png,Class_2
test_51530.png,Class_0
test_51542.png,Class_2
test_51624.png,Class_0
test_51629.png,Class_0
test_51675.png,Class_3
test_51697.png,Class_4
test_51724.png,Class_0
test_51736.png,Class_0
test_51749.png,Class_0
test_51760.png,Class_0
test_51786.png,Class_3
test_51824.png,Class_3
test_51867.png,Class_4
test_51872.png,Class_0
test_51891.png,Class_4
test_51918.png,Class_2
test_52002.png,Class_0
test_52085.png,Class_4
test_52143.png,Class_0
test_52144.png,Class_3
test_52151.png,Class_0
test_52291.png,Class_0
test_52328.png,Class_3
test_52359.png,Class_0
test_52372.png,Class_1
test_52393.png,Class_0
test_52445.png,Class_0
test_52465.png,Class_0
test_52476.png,Class_0
test_52545.png,Class_1
test_52587.png,Class_3
test_52599.png,Class_0
test_52616.png,Class_0
test_52673.png,Class_0
test_52694.png,Class_4
test_52752.png,Class_2
test_52793.png,Class_0
test_52824.png,Class_0
test_52861.png,Class_3
test_52902.png,Class_0
test_52924.png,Class_3
test_52971.png,Class_2
test_52998.png,Class_4
test_53016.png,Class_3
test_53064.png,Class_0
test_53083.png,Class_0
test_53086.png,Class_2
test_53118.png,Class_1
test_53135.png,Class_3
test_53163.png,Class_2
test_53276.png,Class_0
test_53496.png,Class_3
test_53497.png,Class_2
test_53522.png,Class_3
test_53571.png,Class_1
test_53597.png,Class_4
test_53660.png,Class_0
test_53690.png,Class_0
test_53751.png,Class_2
test_53756.png,Class_0
test_53768.png,Class_0
test_53822.png,Class_1
test_53851.png,Class_2
test_53858.png,Class_2
test_53867.png,Class_0
test_53871.png,Class_0
test_53878.png,Class_3
test_53889.png,Class_2
test_53940.png,Class_0
test_54001.png,Class_0
test_54044.png,Class_0
test_54062.png,Class_0
test_54122.png,Class_0
test_54217.png,Class_4
test_54224.png,Class_2
test_54235.png,Class_0
test_54236.png,Class_0
test_54251.png,Class_0
test_54256.png,Class_0
test_54306.png,Class_0
test_54359.png,Class_2
test_54362.png,Class_0
test_54376.png,Class_1
test_54474.png,Class_3
test_54508.png,Class_3
test_54525.png,Class_0
test_54530.png,Class_0
test_54542.png,Class_0
test_54564.png,Class_0
test_54588.png,Class_4
test_54668.png,Class_0
test_54675.png,Class_4
test_54718.png,Class_0
test_54733.png,Class_0
test_54751.png,Class_0
test_54807.png,Class_0
test_54847.png,Class_0
test_54895.png,Class_4
test_54903.png,Class_4
test_54905.png,Class_0
test_54911.png,Class_0
test_54920.png,Class_0
test_54944.png,Class_2
test_54959.png,Class_2
test_54964.png,Class_3
test_55025.png,Class_2
test_55054.png,Class_3
test_55068.png,Class_0
test_55092.png,Class_2
test_55112.png,Class_3
test_55126.png,Class_2
test_55183.png,Class_0
test_55197.png,Class_0
test_55204.png,Class_0
test_55217.png,Class_2
test_55257.png,Class_0
test_55342.png,Class_2
test_55366.png,Class_2
test_55369.png,Class_4
test_55433.png,Class_0
test_55461.png,Class_0
test_55483.png,Class_1
test_55545.png,Class_0
test_55548.png,Class_0
test_55563.png,Class_2
test_55662.png,Class_0
test_55679.png,Class_0
test_55693.png,Class_3
test_55697.png,Class_3
test_55735.png,Class_4
test_55742.png,Class_0
test_55767.png,Class_0
test_55848.png,Class_2
test_55876.png,Class_3
test_55884.png,Class_1
test_55885.png,Class_3
test_55910.png,Class_2
test_55937.png,Class_3
test_55982.png,Class_0
test_55984.png,Class_2
test_55991.png,Class_0
test_56109.png,Class_0
test_56118.png,Class_3
test_56122.png,Class_0
test_56189.png,Class_0
test_56208.png,Class_0
test_56253.png,Class_4
test_56269.png,Class_0
test_56287.png,Class_2
test_56299.png,Class_1
test_56329.png,Class_4
test_56330.png,Class_1
test_56346.png,Class_0
test_56377.png,Class_4
test_56411.png,Class_0
test_56440.png,Class_0
test_56441.png,Class_2
test_56442.png,Class_1
test_56451.png,Class_0
test_56472.png,Class_0
test_56500.png,Class_3
test_56524.png,Class_0
test_56590.png,Class_3
test_56607.png,Class_3
test_56652.png,Class_0
test_56668.png,Class_0
test_56675.png,Class_4
test_56689.png,Class_4
test_56737.png,Class_3
test_56747.png,Class_3
test_56751.png,Class_3
test_56836.png,Class_2
test_56907.png,Class_0
test_56921.png,Class_2
test_56948.png,Class_1
test_56962.png,Class_4
test_56982.png,Class_3
test_57016.png,Class_0
test_57126.png,Class_4
test_57177.png,Class_0
test_57184.png,Class_0
test_57213.png,Class_0
test_57217.png,Class_2
test_57272.png,Class_0
test_57282.png,Class_0
test_57357.png,Class_0
test_57446.png,Class_4
test_57471.png,Class_0
test_57553.png,Class_1
test_57577.png,Class_0
test_57629.png,Class_0
test_57705.png,Class_0
test_57710.png,Class_0
test_57760.png,Class_0
test_57825.png,Class_0
test_57844.png,Class_4
test_57904.png,Class_0
test_57917.png,Class_3
test_57930.png,Class_3
test_57951.png,Class_0
test_57972.png,Class_3
test_57976.png,Class_0
test_57977.png,Class_3
test_58117.png,Class_0
test_58136.png,Class_4
test_58150.png,Class_2
test_58168.png,Class_4
test_58172.png,Class_2
test_58185.png,Class_2
test_58203.png,Class_0
test_58210.png,Class_3
test_58224.png,Class_4
test_58234.png,Class_0
test_58347.png,Class_0
test_58386.png,Class_0
test_58522.png,Class_3
test_58529.png,Class_3
test_58532.png,Class_0
test_58534.png,Class_3
test_58535.png,Class_0
test_58558.png,Class_4
test_58572.png,Class_0
test_58582.png,Class_0
test_58584.png,Class_0
test_58615.png,Class_0
test_58617.png,Class_4
test_58644.png,Class_4
test_58697.png,Class_0
test_58734.png,Class_0
test_58737.png,Class_2
test_58750.png,Class_3
test_58784.png,Class_1
test_58796.png,Class_4
test_58798.png,Class_3
test_58908.png,Class_3
test_58911.png,Class_3
test_58963.png,Class_0
test_58969.png,Class_0
test_58993.png,Class_0
test_59092.png,Class_0
test_59234.png,Class_0
test_59240.png,Class_3
test_59256.png,Class_0
test_59258.png,Class_0
test_59270.png,Class_0
test_59319.png,Class_0
test_59332.png,Class_4
test_59395.png,Class_4
test_59460.png,Class_0
test_59554.png,Class_4
test_59652.png,Class_0
test_59654.png,Class_0
test_59678.png,Class_3
test_59685.png,Class_4
test_59772.png,Class_3
test_59843.png,Class_1
test_59856.png,Class_0
test_59865.png,Class_3
test_59936.png,Class_0
test_59969.png,Class_2
test_60066.png,Class_0
test_60069.png,Class_0
test_60103.png,Class_2
test_60105.png,Class_2
test_60121.png,Class_1
test_60141.png,Class_0
test_60143.png,Class_0
test_60148.png,Class_4
test_60249.png,Class_0
test_60255.png,Class_3
test_60367.png,Class_2
test_60399.png,Class_2
test_60416.png,Class_3
test_60449.png,Class_0
test_60521.png,Class_0
test_60538.png,Class_2
test_60547.png,Class_1
test_60569.png,Class_0
test_60585.png,Class_0
test_60598.png,Class_0
test_60617.png,Class_0
test_60706.png,Class_0
test_60711.png,Class_0
test_60770.png,Class_0
test_60828.png,Class_0
test_60852.png,Class_1
test_60859.png,Class_0
test_60864.png,Class_0
test_60952.png,Class_0
test_60960.png,Class_1
test_60989.png,Class_0
test_61036.png,Class_2
test_61049.png,Class_1
test_61106.png,Class_3
test_61130.png,Class_0
test_61228.png,Class_0
test_61334.png,Class_3
test_61401.png,Class_2
test_61422.png,Class_0
test_61426.png,Class_4
test_61452.png,Class_0
test_61476.png,Class_0
test_61680.png,Class_0
test_61704.png,Class_4
test_61716.png,Class_0
test_61770.png,Class_2
test_61788.png,Class_0
test_61824.png,Class_3
